{"cameraMode":{"drawMode":0,"name":"Shaded","section":"Shading Mode"},"sceneLighting":true,"audioPlay":false,"sceneViewState":{"showFog":true,"showMaterialUpdate":true,"showSkybox":true,"showFlares":true,"showImageEffects":true,"showParticleSystems":true},"in2DMode":false,"pivot":{"x":9.570137023925782,"y":-2.2104110717773439,"z":53.77659225463867},"rotation":{"x":0.1922365128993988,"y":0.025014810264110566,"z":-0.00491462042555213,"w":0.9810394048690796},"size":54.61046600341797,"orthographic":false}