{"cameraMode":{"drawMode":0,"name":"Shaded","section":"Shading Mode"},"sceneLighting":true,"audioPlay":false,"sceneViewState":{"showFog":true,"showMaterialUpdate":true,"showSkybox":true,"showFlares":true,"showImageEffects":true,"showParticleSystems":true},"in2DMode":false,"pivot":{"x":1.2115190029144288,"y":2.7536091804504396,"z":4.404546737670898},"rotation":{"x":0.16424435377120973,"y":0.011830046772956849,"z":-0.001983714522793889,"w":0.9863691926002502},"size":7.104182243347168,"orthographic":false}