{"cameraMode":{"drawMode":0,"name":"Shaded","section":"Shading Mode"},"sceneLighting":true,"audioPlay":false,"sceneViewState":{"showFog":true,"showMaterialUpdate":true,"showSkybox":true,"showFlares":true,"showImageEffects":true,"showParticleSystems":true},"in2DMode":false,"pivot":{"x":265.0407409667969,"y":173.90863037109376,"z":568.425048828125},"rotation":{"x":0.0364365316927433,"y":-0.951836884021759,"z":0.12492488324642182,"w":0.27762117981910708},"size":-5.479617118835449,"orthographic":false}