{"cameraMode":{"drawMode":0,"name":"Shaded","section":"Shading Mode"},"sceneLighting":true,"audioPlay":false,"sceneViewState":{"m_AlwaysRefresh":false,"showFog":true,"showSkybox":true,"showFlares":true,"showImageEffects":true,"showParticleSystems":true,"showVisualEffectGraphs":true,"m_FxEnabled":true},"in2DMode":false,"pivot":{"x":-280.88665771484377,"y":16.12771987915039,"z":134.26246643066407},"rotation":{"x":-0.09961479157209397,"y":0.1924770623445511,"z":-0.019621089100837709,"w":-0.9760686755180359},"size":36.00950241088867,"orthographic":false}