{"cameraMode":{"drawMode":0,"name":"Shaded","section":"Shading Mode"},"sceneLighting":true,"audioPlay":false,"sceneViewState":{"m_AlwaysRefresh":true,"showFog":true,"showSkybox":true,"showFlares":true,"showImageEffects":true,"showParticleSystems":true,"showVisualEffectGraphs":true,"m_FxEnabled":true},"in2DMode":false,"pivot":{"x":-122.74285125732422,"y":-57.630226135253909,"z":144.1060333251953},"rotation":{"x":-0.17681513726711274,"y":0.20559820532798768,"z":-0.037798792123794559,"w":-0.9617934823036194},"size":59.11499786376953,"orthographic":false}