{"cameraMode":{"drawMode":0,"name":"Shaded","section":"Shading Mode"},"sceneLighting":false,"audioPlay":false,"sceneViewState":{"showFog":true,"showMaterialUpdate":false,"showSkybox":false,"showFlares":true,"showImageEffects":true,"showParticleSystems":true},"in2DMode":false,"pivot":{"x":-2.4600000381469728,"y":-0.43000003695487978,"z":-3.180000066757202},"rotation":{"x":0.13970988988876344,"y":-0.1778010129928589,"z":0.025510253384709359,"w":0.973772406578064},"size":1.2247449159622193,"orthographic":false}