{"cameraMode":{"drawMode":0,"name":"Shaded","section":"Shading Mode"},"sceneLighting":true,"audioPlay":false,"sceneViewState":{"m_AlwaysRefresh":true,"showFog":true,"showSkybox":true,"showFlares":true,"showImageEffects":true,"showParticleSystems":true,"showVisualEffectGraphs":true,"m_FxEnabled":true},"in2DMode":false,"pivot":{"x":534.6912231445313,"y":929.2696533203125,"z":765.205810546875},"rotation":{"x":0.02778484672307968,"y":0.09643269330263138,"z":-0.0026564481668174268,"w":0.9951359033584595},"size":2025.1131591796875,"orthographic":false}