{"cameraMode":{"drawMode":0,"name":"Shaded","section":"Shading Mode"},"sceneLighting":true,"audioPlay":false,"sceneViewState":{"m_AlwaysRefresh":true,"showFog":true,"showSkybox":true,"showFlares":true,"showImageEffects":true,"showParticleSystems":true,"showVisualEffectGraphs":true,"m_FxEnabled":true},"in2DMode":false,"pivot":{"x":422.8137512207031,"y":1238.172607421875,"z":263.891845703125},"rotation":{"x":0.04440012946724892,"y":-0.015895502641797067,"z":0.0006504636257886887,"w":0.9990928769111633},"size":1406.2291259765625,"orthographic":false}