{"cameraMode":{"drawMode":0,"name":"Shaded","section":"Shading Mode"},"sceneLighting":true,"audioPlay":false,"sceneViewState":{"m_AlwaysRefresh":true,"showFog":true,"showSkybox":true,"showFlares":true,"showImageEffects":true,"showParticleSystems":true,"showVisualEffectGraphs":true,"m_FxEnabled":true},"in2DMode":false,"pivot":{"x":-85.62792205810547,"y":-20.673341751098634,"z":81.40121459960938},"rotation":{"x":0.010803858749568463,"y":-0.03623547777533531,"z":0.00031513776048086584,"w":0.9993587136268616},"size":21.338600158691408,"orthographic":false}